{
    "providers": [
        {
            "type": "bitmap",
            "file": "minecraft:font/logo.png",
            "ascent": 61,
            "height": 110,
            "chars": [
                "\u00AE"
            ]
        },
        {
            "type": "bitmap",
            "file": "minecraft:font/police.png",
            "ascent": 9,
            "height": 9,
            "chars": [
                "\u01A4"
            ]
        },
        {
            "type": "bitmap",
            "file": "minecraft:font/trial-p.png",
            "ascent": 9,
            "height": 9,
            "chars": [
                "\u0186"
            ]
        },
        {
            "type": "bitmap",
            "file": "minecraft:font/trial-s.png",
            "ascent": 9,
            "height": 9,
            "chars": [
                "\u00B6"
            ]
        },
        {
            "type": "bitmap",
            "file": "minecraft:font/president.png",
            "ascent": 9,
            "height": 9,
            "chars": [
                "\u0276"
            ]
        },
        {
            "type": "bitmap",
            "file": "minecraft:font/mayor.png",
            "ascent": 9,
            "height": 9,
            "chars": [
                "\u00DE"
            ]
        }
    ]
}